GPA_category,TestScore_Math,TestScore_Reading,TestScore_Science,GPA,AttendanceRate,StudyHours,InternetAccess,FreeTime,GoOut
2.5 - 3.0,71.6479217175312,71.64957373257049,71.65961899482949,2.7728485414314763,0.8832442271190062,0.9332667642175657,0.849639806366174,2.9988268858719542,2.0703364513717597
3.0 - 3.5,78.35091040435346,78.36965612452309,78.34855425238665,3.2273802777178875,0.9165994861279885,1.0680855141114236,0.8502103583345423,2.9997991273198004,2.073187403051033
3.5 - 4.0,84.9983029948731,85.0362861054,85.04262148181127,3.6841961636012566,0.9487741196576405,1.201122320581261,0.8497149698319947,2.994735465047135,2.07356870455969
